[
    {
        "elementType": "geometry",
        "stylers": [
            {
                "visibility": "on"
            },
            {
                "hue": "#232a57"
            }
        ]
    },
    {
        "featureType": "road.highway",
        "stylers": [
            {
                "visibility": "off"
            }
        ]
    },
    {
        "featureType": "landscape",
        "elementType": "geometry.fill",
        "stylers": [
            {
                "hue": "#0033ff"
            },
            {
                "saturation": 13
            },
            {
                "lightness": -77
            }
        ]
    },
    {
        "featureType": "landscape",
        "elementType": "geometry.stroke",
        "stylers": [
            {
                "color": "#4657ab"
            }
        ]
    },
    {
        "featureType": "transit",
        "stylers": [
            {
                "visibility": "off"
            }
        ]
    },
    {
        "featureType": "road",
        "elementType": "geometry.stroke",
        "stylers": [
            {
                "visibility": "off"
            }
        ]
    },
    {
        "featureType": "water",
        "elementType": "geometry.fill",
        "stylers": [
            {
                "visibility": "on"
            },
            {
                "color": "#0d0a1f"
            }
        ]
    },
    {
        "elementType": "labels.text.fill",
        "stylers": [
            {
                "visibility": "on"
            },
            {
                "color": "#d2cfe3"
            }
        ]
    },
    {
        "elementType": "labels.text.stroke",
        "stylers": [
            {
                "visibility": "on"
            },
            {
                "color": "#0d0a1f"
            }
        ]
    },
    {
        "featureType": "administrative",
        "elementType": "labels.text.fill",
        "stylers": [
            {
                "visibility": "on"
            },
            {
                "color": "#ffffff"
            }
        ]
    },
    {
        "featureType": "administrative",
        "elementType": "labels.text.stroke",
        "stylers": [
            {
                "visibility": "on"
            },
            {
                "color": "#0d0a1f"
            }
        ]
    },
    {
        "featureType": "road",
        "elementType": "geometry.fill",
        "stylers": [
            {
                "visibility": "on"
            },
            {
                "color": "#ff9910"
            }
        ]
    },
    {
        "featureType": "road.local",
        "elementType": "geometry.fill",
        "stylers": [
            {
                "visibility": "on"
            },
            {
                "color": "#4657ab"
            }
        ]
    },
    {
        "featureType": "road",
        "elementType": "labels.icon",
        "stylers": [
            {
                "visibility": "off"
            }
        ]
    },
    {
        "featureType": "water",
        "elementType": "labels",
        "stylers": [
            {
                "visibility": "off"
            }
        ]
    },
    {
        "featureType": "poi",
        "elementType": "geometry.fill",
        "stylers": [
            {
                "color": "#232a57"
            }
        ]
    },
    {
        "featureType": "poi.park",
        "elementType": "geometry.fill",
        "stylers": [
            {
                "color": "#232a57"
            }
        ]
    },
    {
        "featureType": "poi",
        "elementType": "labels",
        "stylers": [
            {
                "visibility": "off"
            }
        ]
    }
]
