Text List,Left,Search,Right,Head,Combination
NDA-EXAMPLE 200_corrcet.docx,f such Confidential Information beyond the rights contained in this,agreement," between XX, ZZ and Recipient in relation to Recipient’s",AGREEMENT,
NDA-EXAMPLE 200_corrcet.docx,e any obligations to enter into any contractual commitment with,agreement,", whether express or implied, regarding Confidential Information. 



7.2		No failure",AGREEMENT,
NDA-EXAMPLE 200_corrcet.docx,r constitute an election to affirm this letter. No single,agreement," between the parties.



7.4		Other than (i) a Relevant Person who",AGREEMENT,
NDA-EXAMPLE 200_corrcet.docx,", whether for a particular Project or otherwise.

	

“Confidential Information” means:



each",agreements," with third parties, services, customers and existing and potential",AGREEMENT,
NDA-EXAMPLE 200_corrcet.docx,h is received by Recipient from XX or any of,breach," by Recipient of this Undertaking; or



is identified in writing",BREACH,
NDA-EXAMPLE 200_corrcet.docx,h such person is informed of its confidential nature and,breach, of the terms of this Undertaking by any such,BREACH,
NDA-EXAMPLE 200_corrcet.docx,y or governmental authority such Confidential Information as Recipient shall,breach," of this Undertaking.



4		Return of copies



The Recipient acknowledges and agrees",BREACH,
NDA-EXAMPLE 200_corrcet.docx,s Undertaking and any non-contractual obligations arising out of or,breach, of the terms of this Undertaking and damages may,BREACH,
NDA-EXAMPLE 200_corrcet.docx,"h this Undertaking. 

		

8.3		Each Beneficiary and/or ZZ may be irreparably",breach," of the provisions of this Undertaking by the Recipient.

		

	

This",BREACH,
NDA-EXAMPLE 200_corrcet.docx,"s Act 2006, and its or their officers, directors, employees,",compliance, of each such person with the terms of this,COMPLIANCE,
NDA-EXAMPLE 200_corrcet.docx,"s Act 2006, and its or their officers, directors, employees,",compliance, of each such person with the terms of this,COMPLIANCE,
NDA-EXAMPLE 200_corrcet.docx,e terms of this Undertaking may only be amended or,contracts, (Rights of Third Parties) Act 1999 to enforce or,CONTRACT,
NDA-EXAMPLE 200_corrcet.docx,e to the Recipient of any Confidential Information shall not,contractual," commitment with the Recipient, and does not create any",CONTRACT,
NDA-EXAMPLE 200_corrcet.docx,t that any provision of this Undertaking is held to,contractual, obligations arising out of or in connection with it,CONTRACT,
NDA-EXAMPLE 200_corrcet.docx,t any inaccuracy in the Confidential Information or any other,licence, or other rights whatsoever in respect of any part,LICENCE,
NDA-EXAMPLE 200_corrcet.docx,s are defined in section 1159 of the Companies Act,obligations," under this Undertaking, (B) Recipient procures the compliance of",OBLIGATION,
NDA-EXAMPLE 200_corrcet.docx,y erase (to the extent reasonably practicable) all copies of,obligations,"



The obligations of this Undertaking are continuing, and in particular,",OBLIGATION,
NDA-EXAMPLE 200_corrcet.docx,e (to the extent reasonably practicable) all copies of such,obligations," of this Undertaking are continuing, and in particular, shall",OBLIGATION,
NDA-EXAMPLE 200_corrcet.docx,e property of XX. The disclosure to the Recipient of,obligations," to enter into any contractual commitment with the Recipient,",OBLIGATION,
NDA-EXAMPLE 200_corrcet.docx,". 



6.3		Disclosure of any Confidential Information does not create any",obligations," regarding Confidential Information and supersedes any previous agreement, whether",OBLIGATION,
NDA-EXAMPLE 200_corrcet.docx,t any provision of this Undertaking is held to be,obligations, arising out of or in connection with it are,OBLIGATION,
NDA-EXAMPLE 200_corrcet.docx,") (i) make any representation, warranty, express or implied, as",obligation, to update or correct any inaccuracy in the Confidential,OBLIGATION,
NDA-EXAMPLE 200_corrcet.docx,e Recipient any licence or other rights whatsoever in respect,obligation," to engage with the Recipient.   





		7	Miscellaneous



7.1		This Undertaking",OBLIGATION,
NDA-EXAMPLE 200_corrcet.docx,"f this Undertaking are continuing, and in particular, shall survive",property," transfer; no commitment



6.1		Recipient acknowledges and agrees that none of",PROPERTY,
NDA-EXAMPLE 200_corrcet.docx,"Z or any of their respective affiliates or advisers, or",property, of XX. The disclosure to the Recipient of any,PROPERTY,
NDA-EXAMPLE 200_corrcet.docx,f Third Parties) Act 1999 to enforce or to enjoy,provision," of this Undertaking is held to be illegal, void",PROVISION,
NDA-EXAMPLE 200_corrcet.docx,"y term of this Undertaking. 



		7.5	This Undertaking may be executed",provision, shall be given no effect and shall be deemed,PROVISION,
NDA-EXAMPLE 200_corrcet.docx,"e one and the same instrument.

		

		7.6	If and to the extent",provisions," of the Undertaking.



8		Law and jurisdiction



		8.1	This Undertaking and any non-contractual",PROVISION,
NDA-EXAMPLE 200_corrcet.docx,h Beneficiary and/or ZZ may be irreparably harmed by the,provisions," of this Undertaking by the Recipient.

		

	

This undertaking has been",PROVISION,
NDA-EXAMPLE 200_corrcet.docx,"n to engage with the Recipient.   





		7	Miscellaneous



7.1		This Undertaking",right, or remedy under this Undertaking will operate as a,RIGHTS,
NDA-EXAMPLE 200_corrcet.docx,"n XX, ZZ and Recipient in relation to Recipient’s obligations",right, or remedy or constitute an election to affirm this,RIGHTS,
NDA-EXAMPLE 200_corrcet.docx,"r express or implied, regarding Confidential Information. 



7.2		No failure to",right, or remedy will prevent any further or other exercise,RIGHTS,
NDA-EXAMPLE 200_corrcet.docx,y right or remedy under this Undertaking will operate as,right," or remedy under this Undertaking.



7.3		The terms of this Undertaking",RIGHTS,
NDA-EXAMPLE 200_corrcet.docx,"y under this Undertaking.



7.3		The terms of this Undertaking may only",right, under the Contracts (Rights of Third Parties) Act 1999,RIGHTS,
NDA-EXAMPLE 200_corrcet.docx,n the Confidential Information or any other information supplied by,rights, whatsoever in respect of any part of such Confidential,RIGHTS,
NDA-EXAMPLE 200_corrcet.docx,"r any of their respective affiliates or advisers.



6.2		The Confidential Information",rights," contained in this Undertaking. 



6.3		Disclosure of any Confidential Information",RIGHTS,
NDA-EXAMPLE 200_corrcet.docx,s of this Undertaking may only be amended or modified,rights, of Third Parties) Act 1999 to enforce or to,RIGHTS,
NDA-EXAMPLE 200_corrcet.docx,"s Undertaking are continuing, and in particular, shall survive and",transfer,"; no commitment



6.1		Recipient acknowledges and agrees that none of XX,",TRANSFER,
